Date,Conditions,Venue,Final,Team,Toss_winner,Match_won,Player_of_the_match
"7th June, 1975","60 Overs, Day Match","Lord's, London",No,England v. India,England,England won by 202 runs,D L Amiss
"7th June, 1975","60 Overs, Day Match","Edgbaston, Birmingham",No,East Africa v. New Zealand,New Zealand,New Zealand won by 181 runs,G M Turner
"7th June, 1975","60 Overs, Day Match","Headingley, Leeds",No,Australia v. Pakistan,Australia,Australia won by 73 runs,D K Lillee
"7th June, 1975","60 Overs, Day Match","Old Trafford, Manchester",No,Sri Lanka v. West Indies,West Indies,West Indies won by 9 wickets,B D Julien
"11th June, 1975","60 Overs, Day Match","Trent Bridge, Nottingham",No,England v. New Zealand,New Zealand,England won by 80 runs,K W R Fletcher
"11th June, 1975","60 Overs, Day Match","Headingley, Leeds",No,East Africa v. India,East Africa,India won by 10 wickets,F M Engineer
"11th June, 1975","60 Overs, Day Match","Kennington Oval, London",No,Australia v. Sri Lanka,Sri Lanka,Australia won by 52 runs,A Turner
"11th June, 1975","60 Overs, Day Match","Edgbaston, Birmingham",No,Pakistan v. West Indies,Pakistan,West Indies won by 1 wicket,Sarfraz Nawaz
"14th June, 1975","60 Overs, Day Match","Edgbaston, Birmingham",No,England v. East Africa,East Africa,England won by 196 runs,J A Snow
"14th June, 1975","60 Overs, Day Match","Old Trafford, Manchester",No,India v. New Zealand,India,New Zealand won by 4 wickets,G M Turner
"14th June, 1975","60 Overs, Day Match","Kennington Oval, London",No,Australia v. West Indies,West Indies,West Indies won by 7 wickets,A I Kallicharran
"14th June, 1975","60 Overs, Day Match","Trent Bridge, Nottingham",No,Pakistan v. Sri Lanka,Sri Lanka,Pakistan won by 192 runs,Zaheer Abbas
"18th June, 1975","60 Overs, Day Match","Headingley, Leeds",No,England v. Australia,Australia,Australia won by 4 wickets,G J Gilmour
"18th June, 1975","60 Overs, Day Match","Kennington Oval, London",No,New Zealand v. West Indies,West Indies,West Indies won by 5 wickets,A I Kallicharran
"21st June, 1975","60 Overs, Day Match","Lord's, London",Yes,Australia v. West Indies,Australia,West Indies won by 17 runs,C H Lloyd
"9th June, 1979","60 Overs, Day Match","Edgbaston, Birmingham",No,India v. West Indies,West Indies,West Indies won by 9 wickets,C G Greenidge
"9th June, 1979","60 Overs, Day Match","Trent Bridge, Nottingham",No,New Zealand v. Sri Lanka,New Zealand,New Zealand won by 9 wickets,G P Howarth
"9th June, 1979","60 Overs, Day Match","Lord's, London",No,England v. Australia,England,England won by 6 wickets,G A Gooch
"9th June, 1979","60 Overs, Day Match","Headingley, Leeds",No,Canada v. Pakistan,Canada,Pakistan won by 8 wickets,Sadiq Mohammad
"13th June, 1979","60 Overs, Day Match","Kennington Oval, London",No,West Indies v. Sri Lanka,No Toss,Match abandoned,No Award
"13th June, 1979","60 Overs, Day Match","Headingley, Leeds",No,India v. New Zealand,New Zealand,New Zealand won by 8 wickets,B A Edgar
"13th June, 1979","60 Overs, Day Match","Trent Bridge, Nottingham",No,Australia v. Pakistan,Australia,Pakistan won by 89 runs,Asif Iqbal
"13th June, 1979","60 Overs, Day Match","Old Trafford, Manchester",No,England v. Canada,Canada,England won by 8 wickets,C M Old
"16th June, 1979","60 Overs, Day Match","Old Trafford, Manchester",No,India v. Sri Lanka,India,Sri Lanka won by 47 runs,L R D Mendis
"16th June, 1979","60 Overs, Day Match","Trent Bridge, Nottingham",No,New Zealand v. West Indies,New Zealand,West Indies won by 32 runs,C H Lloyd
"16th June, 1979","60 Overs, Day Match","Edgbaston, Birmingham",No,Australia v. Canada,Australia,Australia won by 7 wickets,A G Hurst
"16th June, 1979","60 Overs, Day Match","Headingley, Leeds",No,England v. Pakistan,Pakistan,England won by 14 runs,M Hendrick
"20th June, 1979","60 Overs, Day Match","Old Trafford, Manchester",No,England v. New Zealand,New Zealand,England won by 9 runs,G A Gooch
"20th June, 1979","60 Overs, Day Match","Kennington Oval, London",No,Pakistan v. West Indies,Pakistan,West Indies won by 43 runs,C G Greenidge
"23rd June, 1979","60 Overs, Day Match","Lord's, London",Yes,England v. West Indies,England,West Indies won by 92 runs,I V A Richards
"9th June, 1983","60 Overs, Day Match","Kennington Oval, London",No,England v. New Zealand,England,England won by 106 runs,A J Lamb
"9th June, 1983","60 Overs, Day Match","St Helen's, Swansea",No,Pakistan v. Sri Lanka,Sri Lanka,Pakistan won by 50 runs,Mohsin Khan
"9th June, 1983","60 Overs, Day Match","Trent Bridge, Nottingham",No,Australia v. Zimbabwe,Australia,Zimbabwe won by 13 runs,D A G Fletcher
"9th June, 1983","60 Overs, Day Match","Old Trafford, Manchester",No,India v. West Indies,West Indies,India won by 34 runs,Yashpal Sharma
"11th June, 1983","60 Overs, Day Match","The Cooper Associates County Ground, Taunton",No,England v. Sri Lanka,England,England won by 47 runs,D I Gower
"11th June, 1983","60 Overs, Day Match","Edgbaston, Birmingham",No,New Zealand v. Pakistan,Pakistan,New Zealand won by 52 runs,Abdul Qadir
"11th June, 1983","60 Overs, Day Match","Headingley, Leeds",No,Australia v. West Indies,Australia,West Indies won by 101 runs,W W Davis
"11th June, 1983","60 Overs, Day Match","Grace Road, Leicester",No,India v. Zimbabwe,India,India won by 5 wickets,S Madan Lal
"13th June, 1983","60 Overs, Day Match","Lord's, London",No,England v. Pakistan,Pakistan,England won by 8 wickets,Zaheer Abbas
"13th June, 1983","60 Overs, Day Match","County Ground, Bristol",No,New Zealand v. Sri Lanka,New Zealand,New Zealand won by 5 wickets,R J Hadlee
"13th June, 1983","60 Overs, Day Match","Trent Bridge, Nottingham",No,Australia v. India,Australia,Australia won by 162 runs,T M Chappell
"13th June, 1983","60 Overs, Day Match","New Road, Worcester",No,West Indies v. Zimbabwe,West Indies,West Indies won by 8 wickets,C G Greenidge
"15th June, 1983","60 Overs, Day Match","Edgbaston, Birmingham",No,England v. New Zealand,England,New Zealand won by 2 wickets,J V Coney
"15th June, 1983","60 Overs, Day Match","Kennington Oval, London",No,India v. West Indies,West Indies,West Indies won by 66 runs,I V A Richards
"16th June, 1983","60 Overs, Day Match","Headingley, Leeds",No,Pakistan v. Sri Lanka,Sri Lanka,Pakistan won by 11 runs,Abdul Qadir
"16th June, 1983","60 Overs, Day Match","County Ground, Southampton",No,Australia v. Zimbabwe,Australia,Australia won by 32 runs,D L Houghton
"18th June, 1983","60 Overs, Day Match","Old Trafford, Manchester",No,England v. Pakistan,Pakistan,England won by 7 wickets,G Fowler
"18th June, 1983","60 Overs, Day Match","County Ground, Derby",No,New Zealand v. Sri Lanka,Sri Lanka,Sri Lanka won by 3 wickets,A L F De Mel
"18th June, 1983","60 Overs, Day Match","Lord's, London",No,Australia v. West Indies,Australia,West Indies won by 7 wickets,I V A Richards
"18th June, 1983","60 Overs, Day Match","Nevill Ground, Tunbridge Wells",No,India v. Zimbabwe,India,India won by 31 runs,Kapil Dev
"20th June, 1983","60 Overs, Day Match","Headingley, Leeds",No,England v. Sri Lanka,England,England won by 9 wickets,R G D Willis
"20th June, 1983","60 Overs, Day Match","Trent Bridge, Nottingham",No,New Zealand v. Pakistan,Pakistan,Pakistan won by 11 runs,Imran Khan
"20th June, 1983","60 Overs, Day Match","County Ground, Chelmsford",No,Australia v. India,India,India won by 118 runs,R M H Binny
"20th June, 1983","60 Overs, Day Match","Edgbaston, Birmingham",No,West Indies v. Zimbabwe,Zimbabwe,West Indies won by 10 wickets,S F A Bacchus
"22nd June, 1983","60 Overs, Day Match","Old Trafford, Manchester",No,England v. India,England,India won by 6 wickets,M Amarnath
"22nd June, 1983","60 Overs, Day Match","Kennington Oval, London",No,Pakistan v. West Indies,West Indies,West Indies won by 8 wickets,I V A Richards
"25th June, 1983","60 Overs, Day Match","Lord's, London",Yes,India v. West Indies,West Indies,India won by 43 runs,M Amarnath
"8th October, 1987","50 Overs, Day Match","Niaz Stadium, Hyderabad (Sind)",No,Pakistan v. Sri Lanka,Pakistan,Pakistan won by 15 runs,Javed Miandad
"9th October, 1987","50 Overs, Day Match","Jinnah Stadium, Gujwranwala",No,England v. West Indies,England,England won by 2 wickets,A J Lamb
"9th October, 1987","50 Overs, Day Match","MA Chidambaram Stadium, Chennai",No,India v. Australia,India,Australia won by 1 run,G R Marsh
"10th October, 1987","50 Overs, Day Match","Lal Bahadur Shastri Stadium, Hyderabad (Deccan)",No,New Zealand v. Zimbabwe,Zimbabwe,New Zealand won by 3 runs,D L Houghton
"12th October, 1987","50 Overs, Day Match","Pindi Club Ground, Rawalpindi",No,Pakistan v. England,England,Pakistan won by 18 runs,Abdul Qadir
"13th October, 1987","50 Overs, Day Match","MA Chidambaram Stadium, Chennai",No,Australia v. Zimbabwe,Zimbabwe,Australia won by 96 runs,S R Waugh
"13th October, 1987","50 Overs, Day Match","National Stadium, Karachi",No,Sri Lanka v. West Indies,Sri Lanka,West Indies won by 191 runs,I V A Richards
"14th October, 1987","50 Overs, Day Match","M Chinnaswamy Stadium, Bengaluru, Bangalore",No,India v. New Zealand,New Zealand,India won by 16 runs,Kapil Dev
"16th October, 1987","50 Overs, Day Match","Gaddafi Stadium, Lahore",No,Pakistan v. West Indies,West Indies,Pakistan won by 1 wicket,Saleem Yousuf
"17th October, 1987","50 Overs, Day Match","Arbab Niaz Stadium, Peshawar",No,England v. Sri Lanka,England,England won by 109 runs [Revised Target],A J Lamb
"17th October, 1987","50 Overs, Day Match","Wankhede Stadium, Mumbai",No,India v. Zimbabwe,Zimbabwe,India won by 8 wickets,M M Prabhakar
"18th October, 1987","50 Overs (Reduced to 30 Overs), Day Match","Nehru Stadium, Indore",No,Australia v. New Zealand,New Zealand,Australia won by 3 runs,D C Boon
"20th October, 1987","50 Overs, Day Match","National Stadium, Karachi",No,Pakistan v. England,Pakistan,Pakistan won by 7 wickets,Imran Khan
"21st October, 1987","50 Overs, Day Match","Green Park, Kanpur",No,Sri Lanka v. West Indies,Sri Lanka,West Indies won by 25 runs,P V Simmons
"22nd October, 1987","50 Overs, Day Match","Arun Jaitley Stadium, Delhi",No,India v. Australia,Australia,India won by 56 runs,M Azharuddin
"23rd October, 1987","50 Overs, Day Match","Eden Gardens, Kolkata",No,New Zealand v. Zimbabwe,New Zealand,New Zealand won by 4 wickets,J J Crowe
"25th October, 1987","50 Overs, Day Match","Iqbal Stadium, Faisalabad (Lyallpur)",No,Pakistan v. Sri Lanka,Pakistan,Pakistan won by 113 runs,Saleem Malik
"26th October, 1987","50 Overs, Day Match","Sawai Mansingh Stadium, Jaipur",No,England v. West Indies,West Indies,England won by 34 runs,G A Gooch
"26th October, 1987","50 Overs, Day Match","Sardar Patel Stadium, Ahmedabad",No,India v. Zimbabwe,India,India won by 7 wickets,Kapil Dev
"27th October, 1987","50 Overs, Day Match","Sector 16 Stadium, Chandigarh",No,Australia v. New Zealand,Australia,Australia won by 17 runs,G R Marsh
"30th October, 1987","50 Overs, Day Match","Barabati Stadium, Cuttack",No,Australia v. Zimbabwe,Zimbabwe,Australia won by 70 runs,D C Boon
"30th October, 1987","50 Overs, Day Match","Nehru Stadium, Pune",No,England v. Sri Lanka,Sri Lanka,England won by 8 wickets,G A Gooch
"30th October, 1987","50 Overs, Day Match","National Stadium, Karachi",No,Pakistan v. West Indies,West Indies,West Indies won by 28 runs,R B Richardson
"31st October, 1987","50 Overs, Day Match","Vidarbha Cricket Association Ground, Nagpur",No,India v. New Zealand,New Zealand,India won by 9 wickets,"S M Gavaskar, C Sharma"
"4th November, 1987","50 Overs, Day Match","Gaddafi Stadium, Lahore",No,Pakistan v. Australia,Australia,Australia won by 18 runs,C J McDermott
"5th November, 1987","50 Overs, Day Match","Wankhede Stadium, Mumbai",No,India v. England,India,England won by 35 runs,G A Gooch
"8th November, 1987","50 Overs, Day Match","Eden Gardens, Kolkata",Yes,Australia v. England,Australia,Australia won by 7 runs,D C Boon
"22nd February, 1992","50 Overs, Day Match","Eden Park, Auckland",No,New Zealand v. Australia,New Zealand,New Zealand won by 37 runs,M D Crowe
"22nd February, 1992","50 Overs, Day/Night Match","WACA Ground, Perth",No,England v. India,England,England won by 9 runs,I T Botham
"23rd February, 1992","50 Overs, Day Match","Pukekura Park, New Plymouth",No,Sri Lanka v. Zimbabwe,Sri Lanka,Sri Lanka won by 3 wickets,A Flower
"23rd February, 1992","50 Overs, Day Match","Melbourne Cricket Ground, Melbourne",No,Pakistan v. West Indies,West Indies,West Indies won by 10 wickets,B C Lara
"25th February, 1992","50 Overs, Day Match","Seddon Park, Hamilton",No,New Zealand v. Sri Lanka,New Zealand,New Zealand won by 6 wickets,K R Rutherford
"26th February, 1992","50 Overs, Day/Night Match","Sydney Cricket Ground, Sydney",No,Australia v. South Africa,Australia,South Africa won by 9 wickets,K C Wessels
"27th February, 1992","50 Overs, Day Match","Bellerive Oval, Hobart",No,Pakistan v. Zimbabwe,Zimbabwe,Pakistan won by 53 runs,Aamir Sohail
"27th February, 1992","50 Overs, Day/Night Match","Melbourne Cricket Ground, Melbourne",No,England v. West Indies,England,England won by 6 wickets,C C Lewis
"28th February, 1992","50 Overs (Reduced to 20 Overs), Day Match","Harrup Park, Mackay",No,India v. Sri Lanka,Sri Lanka,No result,No Award
"29th February, 1992","50 Overs, Day Match","Eden Park, Auckland",No,New Zealand v. South Africa,South Africa,New Zealand won by 7 wickets,M J Greatbatch
"29th February, 1992","50 Overs, Day Match","Brisbane Cricket Ground, Brisbane",No,West Indies v. Zimbabwe,Zimbabwe,West Indies won by 75 runs,B C Lara
"1st March, 1992","50 Overs, Day Match","Brisbane Cricket Ground, Brisbane",No,Australia v. India,Australia,Australia won by 1 run [Revised Target],D M Jones
"1st March, 1992","50 Overs, Day Match","Adelaide Oval, Adelaide",No,England v. Pakistan,England,No result,No Award
"2nd March, 1992","50 Overs, Day Match","Basin Reserve, Wellington",No,South Africa v. Sri Lanka,Sri Lanka,Sri Lanka won by 3 wickets,A Ranatunga
"3rd March, 1992","50 Overs (Reduced to 20 Overs), Day Match","McLean Park, Napier",No,New Zealand v. Zimbabwe,Zimbabwe,New Zealand won by 48 runs [Revised Target],M D Crowe
"4th March, 1992","50 Overs, Day/Night Match","Sydney Cricket Ground, Sydney",No,India v. Pakistan,India,India won by 43 runs,S R Tendulkar
"5th March, 1992","50 Overs, Day Match","AMI Stadium, Christchurch",No,South Africa v. West Indies,West Indies,South Africa won by 64 runs,M W Pringle
"5th March, 1992","50 Overs, Day/Night Match","Sydney Cricket Ground, Sydney",No,Australia v. England,Australia,England won by 8 wickets,I T Botham
"7th March, 1992","50 Overs (Reduced to 32 Overs), Day Match","Seddon Park, Hamilton",No,India v. Zimbabwe,India,India won by 55 runs [Revised Target],S R Tendulkar
"7th March, 1992","50 Overs, Day Match","Adelaide Oval, Adelaide",No,Australia v. Sri Lanka,Australia,Australia won by 7 wickets,T M Moody
"8th March, 1992","50 Overs, Day Match","Eden Park, Auckland",No,New Zealand v. West Indies,New Zealand,New Zealand won by 5 wickets,M D Crowe
"8th March, 1992","50 Overs, Day Match","Brisbane Cricket Ground, Brisbane",No,Pakistan v. South Africa,Pakistan,South Africa won by 20 runs [Revised Target],A C Hudson
"9th March, 1992","50 Overs, Day Match","Eastern Oval, Ballarat",No,England v. Sri Lanka,England,England won by 106 runs,C C Lewis
"10th March, 1992","50 Overs, Day Match","Basin Reserve, Wellington",No,India v. West Indies,India,West Indies won by 5 wickets [Revised Target],A C Cummins
"10th March, 1992","50 Overs, Day Match","Manuka Oval, Canberra",No,South Africa v. Zimbabwe,South Africa,South Africa won by 7 wickets,P N Kirsten
"11th March, 1992","50 Overs, Day/Night Match","WACA Ground, Perth",No,Australia v. Pakistan,Pakistan,Pakistan won by 48 runs,Aamir Sohail
"12th March, 1992","50 Overs, Day Match","Carisbrook, Dunedin",No,New Zealand v. India,New Zealand,New Zealand won by 4 wickets,M J Greatbatch
"12th March, 1992","50 Overs, Day/Night Match","Melbourne Cricket Ground, Melbourne",No,England v. South Africa,England,England won by 3 wickets [Revised Target],A J Stewart
"13th March, 1992","50 Overs, Day Match","Berri Oval, Berri",No,Sri Lanka v. West Indies,Sri Lanka,West Indies won by 91 runs,P V Simmons
"14th March, 1992","50 Overs (Reduced to 46 Overs), Day Match","Bellerive Oval, Hobart",No,Australia v. Zimbabwe,Australia,Australia won by 128 runs,M E Waugh
"15th March, 1992","50 Overs, Day Match","Basin Reserve, Wellington",No,New Zealand v. England,New Zealand,New Zealand won by 7 wickets,A H Jones
"15th March, 1992","50 Overs (Reduced to 30 Overs), Day Match","Adelaide Oval, Adelaide",No,India v. South Africa,South Africa,South Africa won by 6 wickets,P N Kirsten
"15th March, 1992","50 Overs, Day Match","WACA Ground, Perth",No,Pakistan v. Sri Lanka,Sri Lanka,Pakistan won by 4 wickets,Javed Miandad
"18th March, 1992","50 Overs, Day Match","AMI Stadium, Christchurch",No,New Zealand v. Pakistan,Pakistan,Pakistan won by 7 wickets,Mushtaq Ahmed
"18th March, 1992","50 Overs, Day Match","Lavington Sports Oval, Albury",No,England v. Zimbabwe,England,Zimbabwe won by 9 runs,E A Brandes
"18th March, 1992","50 Overs, Day/Night Match","Melbourne Cricket Ground, Melbourne",No,Australia v. West Indies,Australia,Australia won by 57 runs,D C Boon
"21st March, 1992","50 Overs, Day Match","Eden Park, Auckland",No,New Zealand v. Pakistan,New Zealand,Pakistan won by 4 wickets,Inzamam-ul-Haq
"22nd March, 1992","50 Overs, Day/Night Match","Sydney Cricket Ground, Sydney",No,England v. South Africa,South Africa,England won by 19 runs [Revised Target],G A Hick
"25th March, 1992","50 Overs, Day/Night Match","Melbourne Cricket Ground, Melbourne",Yes,England v. Pakistan,Pakistan,Pakistan won by 22 runs,Wasim Akram
"14th February, 1996","50 Overs, Day Match","Sardar Patel Stadium, Ahmedabad",No,England v. New Zealand,England,New Zealand won by 11 runs,N J Astle
"16th February, 1996","50 Overs, Day Match","Rawalpindi Cricket Stadium, Rawalpindi",No,South Africa v. United Arab Emirates,United Arab Emirates,South Africa won by 169 runs,G Kirsten
"16th February, 1996","50 Overs, Day/Night Match","Lal Bahadur Shastri Stadium, Hyderabad (Deccan)",No,West Indies v. Zimbabwe,Zimbabwe,West Indies won by 6 wickets,C E L Ambrose
"17th February, 1996","50 Overs, 0 Balls per Over, Day Match","R Premadasa Stadium, Colombo",No,Sri Lanka v. Australia,Sri Lanka,Sri Lanka won by default,No Award
"17th February, 1996","50 Overs, Day Match","Reliance Stadium, Vadodara",No,Netherlands v. New Zealand,New Zealand,New Zealand won by 119 runs,C M Spearman
"18th February, 1996","50 Overs, Day Match","Barabati Stadium, Cuttack",No,India v. Kenya,India,India won by 7 wickets,S R Tendulkar
"18th February, 1996","50 Overs, Day Match","Arbab Niaz Stadium, Peshawar",No,England v. United Arab Emirates,United Arab Emirates,England won by 8 wickets,N M K Smith
"20th February, 1996","50 Overs, Day Match","Iqbal Stadium, Faisalabad (Lyallpur)",No,New Zealand v. South Africa,New Zealand,South Africa won by 5 wickets,W J Cronje
"21st February, 1996","50 Overs, Day Match","Sinhalese Sports Club Ground, Colombo",No,Sri Lanka v. Zimbabwe,Zimbabwe,Sri Lanka won by 6 wickets,P A de Silva
"21st February, 1996","50 Overs, Day/Night Match","Captain Roop Singh Stadium, Gwalior",No,India v. West Indies,West Indies,India won by 5 wickets,S R Tendulkar
"22nd February, 1996","50 Overs, Day Match","Arbab Niaz Stadium, Peshawar",No,England v. Netherlands,England,England won by 49 runs,G A Hick
"23rd February, 1996","50 Overs, Day Match","Indira Priyadarshini Stadium, Visakhapatnam",No,Australia v. Kenya,Kenya,Australia won by 97 runs,M E Waugh
"24th February, 1996","50 Overs (Reduced to 33 Overs), Day Match","Jinnah Stadium, Gujwranwala",No,Pakistan v. United Arab Emirates,Pakistan,Pakistan won by 9 wickets,Mushtaq Ahmed
"25th February, 1996","50 Overs, 0 Balls per Over, Day Match","R Premadasa Stadium, Colombo",No,Sri Lanka v. West Indies,Sri Lanka,Sri Lanka won by default,No Award
"25th February, 1996","50 Overs, Day Match","Rawalpindi Cricket Stadium, Rawalpindi",No,England v. South Africa,South Africa,South Africa won by 78 runs,J N Rhodes
"26th February, 1996","50 Overs, Day Match","Gaddafi Stadium, Lahore",No,Pakistan v. Netherlands,Netherlands,Pakistan won by 8 wickets,Waqar Younis
"27th February, 1996","50 Overs, Day Match","Moin-ul-Haq Stadium, Patna",No,Kenya v. Zimbabwe,Zimbabwe,Zimbabwe won by 5 wickets,P A Strang
"27th February, 1996","50 Overs (Reduced to 47 Overs), Day Match","Iqbal Stadium, Faisalabad (Lyallpur)",No,New Zealand v. United Arab Emirates,United Arab Emirates,New Zealand won by 109 runs,R G Twose
"27th February, 1996","50 Overs, Day/Night Match","Wankhede Stadium, Mumbai",No,India v. Australia,Australia,Australia won by 16 runs,M E Waugh
"29th February, 1996","50 Overs, Day Match","Nehru Stadium, Pune",No,Kenya v. West Indies,West Indies,Kenya won by 73 runs,M O Odumbe
"29th February, 1996","50 Overs, Day Match","National Stadium, Karachi",No,Pakistan v. South Africa,Pakistan,South Africa won by 5 wickets,W J Cronje
"1st March, 1996","50 Overs, Day Match","Vidarbha Cricket Association Ground, Nagpur",No,Australia v. Zimbabwe,Zimbabwe,Australia won by 8 wickets,S K Warne
"1st March, 1996","50 Overs, Day Match","Gaddafi Stadium, Lahore",No,Netherlands v. United Arab Emirates,United Arab Emirates,United Arab Emirates won by 7 wickets,"S F Dukanwala, Sultan Zarawani"
"2nd March, 1996","50 Overs, Day Match","Arun Jaitley Stadium, Delhi",No,India v. Sri Lanka,Sri Lanka,Sri Lanka won by 6 wickets,S T Jayasuriya
"3rd March, 1996","50 Overs, Day Match","National Stadium, Karachi",No,Pakistan v. England,England,Pakistan won by 7 wickets,Aamir Sohail
"4th March, 1996","50 Overs, Day Match","Sawai Mansingh Stadium, Jaipur",No,Australia v. West Indies,Australia,West Indies won by 4 wickets,R B Richardson
"5th March, 1996","50 Overs, Day Match","Rawalpindi Cricket Stadium, Rawalpindi",No,South Africa v. Netherlands,South Africa,South Africa won by 160 runs,A C Hudson
"6th March, 1996","50 Overs, Day Match","Asgiriya Stadium, Kandy",No,Sri Lanka v. Kenya,Kenya,Sri Lanka won by 144 runs,P A de Silva
"6th March, 1996","50 Overs, Day Match","Green Park, Kanpur",No,India v. Zimbabwe,Zimbabwe,India won by 40 runs,A Jadeja
"6th March, 1996","50 Overs, Day Match","Gaddafi Stadium, Lahore",No,Pakistan v. New Zealand,New Zealand,Pakistan won by 46 runs,Saleem Malik
"9th March, 1996","50 Overs, Day Match","Iqbal Stadium, Faisalabad (Lyallpur)",No,England v. Sri Lanka,England,Sri Lanka won by 5 wickets,S T Jayasuriya
"9th March, 1996","50 Overs, Day/Night Match","M Chinnaswamy Stadium, Bengaluru, Bangalore",No,India v. Pakistan,India,India won by 39 runs,N S Sidhu
"11th March, 1996","50 Overs, Day Match","National Stadium, Karachi",No,South Africa v. West Indies,West Indies,West Indies won by 19 runs,B C Lara
"11th March, 1996","50 Overs, Day/Night Match","MA Chidambaram Stadium, Chennai",No,Australia v. New Zealand,New Zealand,Australia won by 6 wickets,M E Waugh
"13th March, 1996","50 Overs, Day/Night Match","Eden Gardens, Kolkata",No,India v. Sri Lanka,India,Sri Lanka won by default,P A de Silva
"14th March, 1996","50 Overs, Day/Night Match","Punjab Cricket Association IS Bindra Stadium, Mohali, Chandigarh",No,Australia v. West Indies,Australia,Australia won by 5 runs,S K Warne
"17th March, 1996","50 Overs, Day/Night Match","Gaddafi Stadium, Lahore",Yes,Australia v. Sri Lanka,Sri Lanka,Sri Lanka won by 7 wickets,P A de Silva
"14th May, 1999","50 Overs, Day Match","Lord's, London",No,England v. Sri Lanka,England,England won by 8 wickets,A J Stewart
"15th May, 1999","50 Overs, Day Match","County Ground, Hove",No,India v. South Africa,India,South Africa won by 4 wickets,J H Kallis
"15th May, 1999","50 Overs, Day Match","The Cooper Associates County Ground, Taunton",No,Kenya v. Zimbabwe,Zimbabwe,Zimbabwe won by 5 wickets,N C Johnson
"16th May, 1999","50 Overs, Day Match","New Road, Worcester",No,Australia v. Scotland,Australia,Australia won by 6 wickets,M E Waugh
"16th May, 1999","50 Overs, Day Match","County Ground, Bristol",No,Pakistan v. West Indies,Pakistan,Pakistan won by 27 runs,Azhar Mahmood
"17th May, 1999","50 Overs, Day Match","County Ground, Chelmsford",No,Bangladesh v. New Zealand,New Zealand,New Zealand won by 6 wickets,G R Larsen
"18th May, 1999","50 Overs, Day Match","St Lawrence Ground, Canterbury",No,England v. Kenya,England,England won by 9 wickets,S O Tikolo
"19th May, 1999","50 Overs, Day Match","Grace Road, Leicester",No,India v. Zimbabwe,India,Zimbabwe won by 3 runs,G W Flower
"19th May, 1999","50 Overs, Day Match","County Ground, Northampton",No,South Africa v. Sri Lanka,Sri Lanka,South Africa won by 89 runs,L Klusener
"20th May, 1999","50 Overs, Day Match","Sophia Gardens, Cardiff",No,Australia v. New Zealand,Australia,New Zealand won by 5 wickets,R G Twose
"20th May, 1999","50 Overs, Day Match","Riverside Ground, Chester-Le-Street",No,Pakistan v. Scotland,Scotland,Pakistan won by 94 runs,Mohammad Yousuf
"21st May, 1999","50 Overs, Day Match","Castle Avenue, Dublin",No,Bangladesh v. West Indies,Bangladesh,West Indies won by 7 wickets,C A Walsh
"22nd May, 1999","50 Overs, Day Match","Kennington Oval, London",No,England v. South Africa,England,South Africa won by 122 runs,L Klusener
"22nd May, 1999","50 Overs, Day Match","New Road, Worcester",No,Sri Lanka v. Zimbabwe,Sri Lanka,Sri Lanka won by 4 wickets,M S Atapattu
"23rd May, 1999","50 Overs, Day Match","County Ground, Bristol",No,India v. Kenya,Kenya,India won by 94 runs,S R Tendulkar
"23rd May, 1999","50 Overs, Day Match","Headingley, Leeds",No,Australia v. Pakistan,Australia,Pakistan won by 10 runs,Inzamam-ul-Haq
"24th May, 1999","50 Overs, Day Match","Grange Cricket Club, Edinburgh",No,Scotland v. Bangladesh,Scotland,Bangladesh won by 22 runs,Minhajul Abedin
"24th May, 1999","50 Overs, Day Match","County Ground, Southampton",No,New Zealand v. West Indies,West Indies,West Indies won by 7 wickets,R D Jacobs
"25th May, 1999","50 Overs, Day Match","Trent Bridge, Nottingham",No,England v. Zimbabwe,England,England won by 7 wickets,A D Mullally
"26th May, 1999","50 Overs, Day Match","VRA Ground, Amstelveen",No,Kenya v. South Africa,South Africa,South Africa won by 7 wickets,L Klusener
"26th May, 1999","50 Overs, Day Match","The Cooper Associates County Ground, Taunton",No,India v. Sri Lanka,Sri Lanka,India won by 157 runs,S C Ganguly
"27th May, 1999","50 Overs, Day Match","Riverside Ground, Chester-Le-Street",No,Australia v. Bangladesh,Australia,Australia won by 7 wickets,T M Moody
"27th May, 1999","50 Overs, Day Match","Grace Road, Leicester",No,Scotland v. West Indies,Scotland,West Indies won by 8 wickets,C A Walsh
"28th May, 1999","50 Overs, Day Match","County Ground, Derby",No,New Zealand v. Pakistan,New Zealand,Pakistan won by 62 runs,Inzamam-ul-Haq
"29th May, 1999","50 Overs, Day Match","Edgbaston, Birmingham",No,England v. India,England,India won by 63 runs,S C Ganguly
"29th May, 1999","50 Overs, Day Match","County Ground, Chelmsford",No,South Africa v. Zimbabwe,Zimbabwe,Zimbabwe won by 48 runs,N C Johnson
"30th May, 1999","50 Overs, Day Match","County Ground, Southampton",No,Kenya v. Sri Lanka,Kenya,Sri Lanka won by 45 runs,M O Odumbe
"30th May, 1999","50 Overs, Day Match","Old Trafford, Manchester",No,Australia v. West Indies,Australia,Australia won by 6 wickets,G D McGrath
"31st May, 1999","50 Overs, Day Match","County Ground, Northampton",No,Bangladesh v. Pakistan,Pakistan,Bangladesh won by 62 runs,Khaled Mahmud
"31st May, 1999","50 Overs, Day Match","Grange Cricket Club, Edinburgh",No,Scotland v. New Zealand,New Zealand,New Zealand won by 6 wickets,G I Allott
"4th June, 1999","50 Overs, Day Match","Kennington Oval, London",No,Australia v. India,India,Australia won by 77 runs,G D McGrath
"5th June, 1999","50 Overs, Day Match","Trent Bridge, Nottingham",No,Pakistan v. South Africa,Pakistan,South Africa won by 3 wickets,L Klusener
"6th June, 1999","50 Overs, Day Match","Headingley, Leeds",No,New Zealand v. Zimbabwe,Zimbabwe,No result,No Award
"8th June, 1999","50 Overs, Day Match","Old Trafford, Manchester",No,India v. Pakistan,India,India won by 47 runs,B K V Prasad
"9th June, 1999","50 Overs, Day Match","Lord's, London",No,Australia v. Zimbabwe,Zimbabwe,Australia won by 44 runs,N C Johnson
"10th June, 1999","50 Overs, Day Match","Edgbaston, Birmingham",No,New Zealand v. South Africa,South Africa,South Africa won by 74 runs,J H Kallis
"11th June, 1999","50 Overs, Day Match","Kennington Oval, London",No,Pakistan v. Zimbabwe,Pakistan,Pakistan won by 148 runs,Saeed Anwar
"12th June, 1999","50 Overs, Day Match","Trent Bridge, Nottingham",No,India v. New Zealand,India,New Zealand won by 5 wickets,R G Twose
"13th June, 1999","50 Overs, Day Match","Headingley, Leeds",No,Australia v. South Africa,South Africa,Australia won by 5 wickets,S R Waugh
"16th June, 1999","50 Overs, Day Match","Old Trafford, Manchester",No,New Zealand v. Pakistan,New Zealand,Pakistan won by 9 wickets,Shoaib Akhtar
"17th June, 1999","50 Overs, Day Match","Edgbaston, Birmingham",No,Australia v. South Africa,South Africa,Match tied,S K Warne
"20th June, 1999","50 Overs, Day Match","Lord's, London",Yes,Australia v. Pakistan,Pakistan,Australia won by 8 wickets,S K Warne
"9th February, 2003","50 Overs, Day/Night Match","Newlands, Cape Town",No,South Africa v. West Indies,West Indies,West Indies won by 3 runs,B C Lara
"10th February, 2003","50 Overs, Day Match","Harare Sports Club, Harare",No,Zimbabwe v. Namibia,Namibia,Zimbabwe won by 86 runs [Duckworth-Lewis],C B Wishart
"10th February, 2003","50 Overs, Day Match","Mangaung Oval, Bloemfontein",No,New Zealand v. Sri Lanka,New Zealand,Sri Lanka won by 47 runs,S T Jayasuriya
"11th February, 2003","50 Overs, Day Match","Wanderers Stadium, Johannesburg",No,Australia v. Pakistan,Pakistan,Australia won by 82 runs,A Symonds
"11th February, 2003","50 Overs, Day/Night Match","Kingsmead, Durban",No,Bangladesh v. Canada,Canada,Canada won by 60 runs,A Codrington
"12th February, 2003","50 Overs, Day Match","Senwes Park, Potchefstroom",No,South Africa v. Kenya,Kenya,South Africa won by 10 wickets,L Klusener
"12th February, 2003","50 Overs, Day Match","Boland Park, Paarl",No,India v. Netherlands,India,India won by 68 runs,T B M de Leede
"13th February, 2003","50 Overs, Day Match","St George's Park, Port Elizabeth",No,West Indies v. New Zealand,West Indies,New Zealand won by 20 runs,A R Adams
"13th February, 2003","50 Overs, Day Match","Harare Sports Club, Harare",No,Zimbabwe v. England,Zimbabwe,Zimbabwe won by default,No Award
"14th February, 2003","50 Overs, Day Match","City Oval, Pietermaritzburg",No,Sri Lanka v. Bangladesh,Sri Lanka,Sri Lanka won by 10 wickets,W P U J C Vaas
"15th February, 2003","50 Overs, Day/Night Match","Newlands, Cape Town",No,Kenya v. Canada,Canada,Kenya won by 4 wickets,T M Odoyo
"15th February, 2003","50 Overs, Day Match","SuperSport Park, Centurion",No,Australia v. India,India,Australia won by 9 wickets,J N Gillespie
"16th February, 2003","50 Overs, Day Match","Wanderers Stadium, Johannesburg",No,South Africa v. New Zealand,South Africa,New Zealand won by 9 wickets [Duckworth-Lewis],S P Fleming
"16th February, 2003","50 Overs, Day Match","Buffalo Park, East London",No,England v. Netherlands,England,England won by 6 wickets,J M Anderson
"16th February, 2003","50 Overs, Day Match","Diamond Oval, Kimberley",No,Pakistan v. Namibia,Pakistan,Pakistan won by 171 runs,Wasim Akram
"18th February, 2003","50 Overs, Day Match","Willowmoore Park, Benoni",No,West Indies v. Bangladesh,Bangladesh,No result,No Award
"19th February, 2003","50 Overs, Day Match","St George's Park, Port Elizabeth",No,England v. Namibia,Namibia,England won by 55 runs,A J Burger
"19th February, 2003","50 Overs, Day Match","Boland Park, Paarl",No,Sri Lanka v. Canada,Sri Lanka,Sri Lanka won by 9 wickets,R A P Nissanka
"19th February, 2003","50 Overs, Day Match","Harare Sports Club, Harare",No,Zimbabwe v. India,Zimbabwe,India won by 83 runs,S R Tendulkar
"20th February, 2003","50 Overs, Day Match","Senwes Park, Potchefstroom",No,Australia v. Netherlands,Netherlands,Australia won by 75 runs [Duckworth-Lewis],D R Martyn
"21st February, 2003","50 Overs, Day Match","Gymkhana Club Ground, Nairobi",No,New Zealand v. Kenya,No Toss,Kenya won by default,No Award
"22nd February, 2003","50 Overs, Day/Night Match","Newlands, Cape Town",No,England v. Pakistan,England,England won by 112 runs,J M Anderson
"22nd February, 2003","50 Overs, Day Match","Mangaung Oval, Bloemfontein",No,South Africa v. Bangladesh,South Africa,South Africa won by 10 wickets,M Ntini
"23rd February, 2003","50 Overs, Day Match","SuperSport Park, Centurion",No,West Indies v. Canada,West Indies,West Indies won by 7 wickets,J M Davison
"23rd February, 2003","50 Overs, Day Match","City Oval, Pietermaritzburg",No,India v. Namibia,Namibia,India won by 181 runs,S R Tendulkar
"24th February, 2003","50 Overs, Day Match","Queens Sports Club, Bulawayo",No,Zimbabwe v. Australia,Zimbabwe,Australia won by 7 wickets,A M Blignaut
"24th February, 2003","50 Overs, Day Match","Gymkhana Club Ground, Nairobi",No,Sri Lanka v. Kenya,Sri Lanka,Kenya won by 53 runs,C O Obuya
"25th February, 2003","50 Overs, Day Match","Boland Park, Paarl",No,Pakistan v. Netherlands,Netherlands,Pakistan won by 97 runs,Mohammad Yousuf
"26th February, 2003","50 Overs, Day/Night Match","Kingsmead, Durban",No,England v. India,India,India won by 82 runs,A Nehra
"26th February, 2003","50 Overs, Day Match","Diamond Oval, Kimberley",No,New Zealand v. Bangladesh,Bangladesh,New Zealand won by 7 wickets,C D McMillan
"27th February, 2003","50 Overs, Day Match","Buffalo Park, East London",No,South Africa v. Canada,Canada,South Africa won by 118 runs,H H Dippenaar
"27th February, 2003","50 Overs, Day Match","Senwes Park, Potchefstroom",No,Australia v. Namibia,Australia,Australia won by 256 runs,G D McGrath
"28th February, 2003","50 Overs, Day/Night Match","Newlands, Cape Town",No,Sri Lanka v. West Indies,Sri Lanka,Sri Lanka won by 6 runs,W P U J C Vaas
"28th February, 2003","50 Overs, Day Match","Queens Sports Club, Bulawayo",No,Zimbabwe v. Netherlands,Netherlands,Zimbabwe won by 99 runs,H H Streak
"1st March, 2003","50 Overs, Day Match","Wanderers Stadium, Johannesburg",No,Kenya v. Bangladesh,Kenya,Kenya won by 32 runs,M O Odumbe
"1st March, 2003","50 Overs, Day Match","SuperSport Park, Centurion",No,Pakistan v. India,Pakistan,India won by 6 wickets,S R Tendulkar
"2nd March, 2003","50 Overs, Day Match","St George's Park, Port Elizabeth",No,Australia v. England,England,Australia won by 2 wickets,A J Bichel
"3rd March, 2003","50 Overs, Day Match","Willowmoore Park, Benoni",No,New Zealand v. Canada,New Zealand,New Zealand won by 5 wickets,J M Davison
"3rd March, 2003","50 Overs, Day/Night Match","Kingsmead, Durban",No,South Africa v. Sri Lanka,Sri Lanka,Match tied [Duckworth-Lewis],M S Atapattu
"3rd March, 2003","50 Overs, Day Match","Mangaung Oval, Bloemfontein",No,Namibia v. Netherlands,Netherlands,Netherlands won by 64 runs,J F Kloppenburg
"4th March, 2003","50 Overs, Day Match","Diamond Oval, Kimberley",No,West Indies v. Kenya,West Indies,West Indies won by 142 runs,V C Drakes
"4th March, 2003","50 Overs, Day Match","Queens Sports Club, Bulawayo",No,Zimbabwe v. Pakistan,Pakistan,No result,No Award
"7th March, 2003","50 Overs, Day Match","SuperSport Park, Centurion",No,Australia v. Sri Lanka,Australia,Australia won by 96 runs,R T Ponting
"7th March, 2003","50 Overs, Day/Night Match","Newlands, Cape Town",No,India v. Kenya,Kenya,India won by 6 wickets,S C Ganguly
"8th March, 2003","50 Overs, Day Match","Mangaung Oval, Bloemfontein",No,Zimbabwe v. New Zealand,Zimbabwe,New Zealand won by 6 wickets,N J Astle
"10th March, 2003","50 Overs, Day Match","Wanderers Stadium, Johannesburg",No,India v. Sri Lanka,Sri Lanka,India won by 183 runs,J Srinath
"11th March, 2003","50 Overs, Day Match","St George's Park, Port Elizabeth",No,Australia v. New Zealand,New Zealand,Australia won by 96 runs,S E Bond
"12th March, 2003","50 Overs, Day Match","Mangaung Oval, Bloemfontein",No,Zimbabwe v. Kenya,Zimbabwe,Kenya won by 7 wickets,M A Suji
"14th March, 2003","50 Overs, Day Match","SuperSport Park, Centurion",No,India v. New Zealand,India,India won by 7 wickets,Z Khan
"15th March, 2003","50 Overs, Day Match","Buffalo Park, East London",No,Zimbabwe v. Sri Lanka,Sri Lanka,Sri Lanka won by 74 runs,M S Atapattu
"15th March, 2003","50 Overs, Day/Night Match","Kingsmead, Durban",No,Australia v. Kenya,Australia,Australia won by 5 wickets,A Y A Karim
"18th March, 2003","50 Overs, Day Match","St George's Park, Port Elizabeth",No,Australia v. Sri Lanka,Australia,Australia won by 48 runs [Duckworth-Lewis],A Symonds
"20th March, 2003","50 Overs, Day/Night Match","Kingsmead, Durban",No,India v. Kenya,India,India won by 91 runs,S C Ganguly
"23rd March, 2003","50 Overs, Day Match","Wanderers Stadium, Johannesburg",Yes,Australia v. India,India,Australia won by 125 runs,R T Ponting
"13th March, 2007","50 Overs, Day Match","Sabina Park, Kingston, Jamaica",No,West Indies v. Pakistan,Pakistan,West Indies won by 54 runs,D R Smith
"14th March, 2007","50 Overs, Day Match","Warner Park, Basseterre, St Kitts",No,Australia v. Scotland,Scotland,Australia won by 203 runs,R T Ponting
"14th March, 2007","50 Overs, Day Match","Darren Sammy National Cricket Stadium, Gros Islet, St Lucia",No,Canada v. Kenya,Kenya,Kenya won by 7 wickets,S O Tikolo
"15th March, 2007","50 Overs, Day Match","Queen's Park Oval, Port-Of-Spain, Trinidad",No,Bermuda v. Sri Lanka,Sri Lanka,Sri Lanka won by 243 runs,D P M D Jayawardene
"15th March, 2007","50 Overs, Day Match","Sabina Park, Kingston, Jamaica",No,Ireland v. Zimbabwe,Zimbabwe,Match tied,J P Bray
"16th March, 2007","50 Overs, Day Match","Darren Sammy National Cricket Stadium, Gros Islet, St Lucia",No,England v. New Zealand,New Zealand,New Zealand won by 6 wickets,S B Styris
"16th March, 2007","50 Overs (Reduced to 40 Overs), Day Match","Warner Park, Basseterre, St Kitts",No,Netherlands v. South Africa,Netherlands,South Africa won by 221 runs,H H Gibbs
"17th March, 2007","50 Overs, Day Match","Queen's Park Oval, Port-Of-Spain, Trinidad",No,Bangladesh v. India,India,Bangladesh won by 5 wickets,Mashrafe Mortaza
"17th March, 2007","50 Overs, Day Match","Sabina Park, Kingston, Jamaica",No,Ireland v. Pakistan,Ireland,Ireland won by 3 wickets [Duckworth-Lewis],N J O'Brien
"18th March, 2007","50 Overs, Day Match","Warner Park, Basseterre, St Kitts",No,Australia v. Netherlands,Australia,Australia won by 229 runs,B J Hodge
"18th March, 2007","50 Overs, Day Match","Darren Sammy National Cricket Stadium, Gros Islet, St Lucia",No,Canada v. England,Canada,England won by 51 runs,P D Collingwood
"19th March, 2007","50 Overs, Day Match","Queen's Park Oval, Port-Of-Spain, Trinidad",No,Bermuda v. India,Bermuda,India won by 257 runs,V Sehwag
"19th March, 2007","50 Overs, Day Match","Sabina Park, Kingston, Jamaica",No,West Indies v. Zimbabwe,West Indies,West Indies won by 6 wickets,S C Williams
"20th March, 2007","50 Overs, Day Match","Darren Sammy National Cricket Stadium, Gros Islet, St Lucia",No,Kenya v. New Zealand,Kenya,New Zealand won by 148 runs,L R P L Taylor
"20th March, 2007","50 Overs, Day Match","Warner Park, Basseterre, St Kitts",No,Scotland v. South Africa,South Africa,South Africa won by 7 wickets,G C Smith
"21st March, 2007","50 Overs, Day Match","Queen's Park Oval, Port-Of-Spain, Trinidad",No,Bangladesh v. Sri Lanka,Bangladesh,Sri Lanka won by 198 runs [Duckworth-Lewis],S T Jayasuriya
"21st March, 2007","50 Overs, Day Match","Sabina Park, Kingston, Jamaica",No,Pakistan v. Zimbabwe,Zimbabwe,Pakistan won by 93 runs [Duckworth-Lewis],Imran Nazir
"22nd March, 2007","50 Overs, Day Match","Darren Sammy National Cricket Stadium, Gros Islet, St Lucia",No,Canada v. New Zealand,Canada,New Zealand won by 114 runs,L Vincent
"22nd March, 2007","50 Overs, Day Match","Warner Park, Basseterre, St Kitts",No,Netherlands v. Scotland,Netherlands,Netherlands won by 8 wickets,W F Stelling
"23rd March, 2007","50 Overs, Day Match","Queen's Park Oval, Port-Of-Spain, Trinidad",No,India v. Sri Lanka,India,Sri Lanka won by 69 runs,M Muralitharan
"23rd March, 2007","50 Overs (Reduced to 48 Overs), Day Match","Queen's Park Oval, Port-Of-Spain, Trinidad",No,West Indies v. Ireland,Ireland,West Indies won by 8 wickets [Duckworth-Lewis],S Chanderpaul
"24th March, 2007","50 Overs, Day Match","Warner Park, Basseterre, St Kitts",No,Australia v. South Africa,South Africa,Australia won by 83 runs,M L Hayden
"24th March, 2007","50 Overs, Day Match","Darren Sammy National Cricket Stadium, Gros Islet, St Lucia",No,England v. Kenya,Kenya,England won by 7 wickets,E C Joyce
"25th March, 2007","50 Overs, Day Match","Queen's Park Oval, Port-Of-Spain, Trinidad",No,Bangladesh v. Bermuda,Bangladesh,Bangladesh won by 7 wickets [Duckworth-Lewis],Mohammad Ashraful
"27th March, 2007","50 Overs, Day Match","Sir Vivian Richards Stadium, North Sound, Antigua",No,West Indies v. Australia,West Indies,Australia won by 103 runs,M L Hayden
"28th March, 2007","50 Overs, Day Match","Providence Stadium, Providence, Guyana",No,South Africa v. Sri Lanka,Sri Lanka,South Africa won by 1 wicket,C K Langeveldt
"29th March, 2007","50 Overs, Day Match","Sir Vivian Richards Stadium, North Sound, Antigua",No,West Indies v. New Zealand,New Zealand,New Zealand won by 7 wickets,J D P Oram
"30th March, 2007","50 Overs, Day Match","Providence Stadium, Providence, Guyana",No,England v. Ireland,England,England won by 48 runs,P D Collingwood
"31st March, 2007","50 Overs (Reduced to 22 Overs), Day Match","Sir Vivian Richards Stadium, North Sound, Antigua",No,Australia v. Bangladesh,Australia,Australia won by 10 wickets,G D McGrath
"1st April, 2007","50 Overs, Day Match","Providence Stadium, Providence, Guyana",No,West Indies v. Sri Lanka,West Indies,Sri Lanka won by 113 runs,S T Jayasuriya
"2nd April, 2007","50 Overs, Day Match","Sir Vivian Richards Stadium, North Sound, Antigua",No,Bangladesh v. New Zealand,New Zealand,New Zealand won by 9 wickets,S E Bond
"3rd April, 2007","50 Overs, Day Match","Providence Stadium, Providence, Guyana",No,Ireland v. South Africa,South Africa,South Africa won by 7 wickets [Duckworth-Lewis],J H Kallis
"4th April, 2007","50 Overs, Day Match","Sir Vivian Richards Stadium, North Sound, Antigua",No,England v. Sri Lanka,England,Sri Lanka won by 2 runs,R S Bopara
"7th April, 2007","50 Overs, Day Match","Providence Stadium, Providence, Guyana",No,Bangladesh v. South Africa,South Africa,Bangladesh won by 67 runs,Mohammad Ashraful
"8th April, 2007","50 Overs, Day Match","Sir Vivian Richards Stadium, North Sound, Antigua",No,Australia v. England,England,Australia won by 7 wickets,S W Tait
"9th April, 2007","50 Overs, Day Match","Providence Stadium, Providence, Guyana",No,Ireland v. New Zealand,Ireland,New Zealand won by 129 runs,P G Fulton
"10th April, 2007","50 Overs, Day Match","National Cricket Stadium, St. George's, Grenada",No,West Indies v. South Africa,West Indies,South Africa won by 67 runs,A B de Villiers
"11th April, 2007","50 Overs, Day Match","Kensington Oval, Bridgetown, Barbados",No,Bangladesh v. England,England,England won by 4 wickets,S I Mahmood
"12th April, 2007","50 Overs, Day Match","National Cricket Stadium, St. George's, Grenada",No,New Zealand v. Sri Lanka,New Zealand,Sri Lanka won by 6 wickets,W P U J C Vaas
"13th April, 2007","50 Overs, Day Match","Kensington Oval, Bridgetown, Barbados",No,Australia v. Ireland,Australia,Australia won by 9 wickets,G D McGrath
"14th April, 2007","50 Overs, Day Match","National Cricket Stadium, St. George's, Grenada",No,New Zealand v. South Africa,New Zealand,New Zealand won by 5 wickets,C D McMillan
"15th April, 2007","50 Overs, Day Match","Kensington Oval, Bridgetown, Barbados",No,Bangladesh v. Ireland,Ireland,Ireland won by 74 runs,W T S Porterfield
"16th April, 2007","50 Overs, Day Match","National Cricket Stadium, St. George's, Grenada",No,Australia v. Sri Lanka,Sri Lanka,Australia won by 7 wickets,N W Bracken
"17th April, 2007","50 Overs, Day Match","Kensington Oval, Bridgetown, Barbados",No,England v. South Africa,England,South Africa won by 9 wickets,A J Hall
"18th April, 2007","50 Overs, Day Match","National Cricket Stadium, St. George's, Grenada",No,Ireland v. Sri Lanka,Sri Lanka,Sri Lanka won by 8 wickets,M F Maharoof
"19th April, 2007","50 Overs, Day Match","Kensington Oval, Bridgetown, Barbados",No,West Indies v. Bangladesh,Bangladesh,West Indies won by 99 runs,R R Sarwan
"20th April, 2007","50 Overs, Day Match","National Cricket Stadium, St. George's, Grenada",No,Australia v. New Zealand,Australia,Australia won by 215 runs,M L Hayden
"21st April, 2007","50 Overs, Day Match","Kensington Oval, Bridgetown, Barbados",No,West Indies v. England,England,England won by 1 wicket,K P Pietersen
"24th April, 2007","50 Overs, Day Match","Sabina Park, Kingston, Jamaica",No,New Zealand v. Sri Lanka,Sri Lanka,Sri Lanka won by 81 runs,D P M D Jayawardene
"25th April, 2007","50 Overs, Day Match","Darren Sammy National Cricket Stadium, Gros Islet, St Lucia",No,Australia v. South Africa,South Africa,Australia won by 7 wickets,G D McGrath
"28th April, 2007","50 Overs (Reduced to 38 Overs), Day Match","Kensington Oval, Bridgetown, Barbados",Yes,Australia v. Sri Lanka,Australia,Australia won by 53 runs [Duckworth-Lewis],A C Gilchrist
"19th February, 2011","50 Overs, Day/Night Match","Shere Bangla National Stadium, Mirpur, Dhaka",No,Bangladesh v. India,Bangladesh,India won by 87 runs,V Sehwag
"20th February, 2011","50 Overs, Day Match","MA Chidambaram Stadium, Chennai",No,Kenya v. New Zealand,Kenya,New Zealand won by 10 wickets,H K Bennett
"20th February, 2011","50 Overs, Day/Night Match","Mahinda Rajapaksha International Cricket Stadium, Hambantota",No,Sri Lanka v. Canada,Sri Lanka,Sri Lanka won by 210 runs,D P M D Jayawardene
"21st February, 2011","50 Overs, Day/Night Match","Sardar Patel Stadium, Ahmedabad",No,Australia v. Zimbabwe,Australia,Australia won by 91 runs,S R Watson
"22nd February, 2011","50 Overs, Day/Night Match","Vidarbha Cricket Association Stadium, Nagpur",No,England v. Netherlands,Netherlands,England won by 6 wickets,R N ten Doeschate
"23rd February, 2011","50 Overs, Day/Night Match","Mahinda Rajapaksha International Cricket Stadium, Hambantota",No,Kenya v. Pakistan,Pakistan,Pakistan won by 205 runs,Umar Akmal
"24th February, 2011","50 Overs, Day/Night Match","Arun Jaitley Stadium, Delhi",No,South Africa v. West Indies,South Africa,South Africa won by 7 wickets,A B de Villiers
"25th February, 2011","50 Overs, Day Match","Vidarbha Cricket Association Stadium, Nagpur",No,Australia v. New Zealand,Australia,Australia won by 7 wickets,M G Johnson
"25th February, 2011","50 Overs, Day/Night Match","Shere Bangla National Stadium, Mirpur, Dhaka",No,Bangladesh v. Ireland,Bangladesh,Bangladesh won by 27 runs,Tamim Iqbal
"26th February, 2011","50 Overs, Day/Night Match","R Premadasa Stadium, Colombo",No,Sri Lanka v. Pakistan,Pakistan,Pakistan won by 11 runs,Shahid Afridi
"27th February, 2011","50 Overs, Day/Night Match","M Chinnaswamy Stadium, Bengaluru, Bangalore",No,India v. England,India,Match tied,A J Strauss
"28th February, 2011","50 Overs, Day Match","Vidarbha Cricket Association Stadium, Nagpur",No,Canada v. Zimbabwe,Zimbabwe,Zimbabwe won by 175 runs,T Taibu
"28th February, 2011","50 Overs, Day/Night Match","Arun Jaitley Stadium, Delhi",No,Netherlands v. West Indies,Netherlands,West Indies won by 215 runs,K A J Roach
"1st March, 2011","50 Overs, Day/Night Match","R Premadasa Stadium, Colombo",No,Sri Lanka v. Kenya,Kenya,Sri Lanka won by 9 wickets,S L Malinga
"2nd March, 2011","50 Overs, Day/Night Match","M Chinnaswamy Stadium, Bengaluru, Bangalore",No,England v. Ireland,England,Ireland won by 3 wickets,K J O'Brien
"3rd March, 2011","50 Overs, Day Match","Punjab Cricket Association IS Bindra Stadium, Mohali, Chandigarh",No,Netherlands v. South Africa,Netherlands,South Africa won by 231 runs,A B de Villiers
"3rd March, 2011","50 Overs, Day/Night Match","R Premadasa Stadium, Colombo",No,Canada v. Pakistan,Canada,Pakistan won by 46 runs,Shahid Afridi
"4th March, 2011","50 Overs, Day Match","Sardar Patel Stadium, Ahmedabad",No,New Zealand v. Zimbabwe,Zimbabwe,New Zealand won by 10 wickets,M J Guptill
"4th March, 2011","50 Overs, Day/Night Match","Shere Bangla National Stadium, Mirpur, Dhaka",No,Bangladesh v. West Indies,Bangladesh,West Indies won by 9 wickets,K A J Roach
"5th March, 2011","50 Overs, Day/Night Match","R Premadasa Stadium, Colombo",No,Sri Lanka v. Australia,Sri Lanka,No result,No Award
"6th March, 2011","50 Overs, Day Match","MA Chidambaram Stadium, Chennai",No,England v. South Africa,England,England won by 6 runs,R S Bopara
"6th March, 2011","50 Overs, Day/Night Match","M Chinnaswamy Stadium, Bengaluru, Bangalore",No,India v. Ireland,India,India won by 5 wickets,Yuvraj Singh
"7th March, 2011","50 Overs, Day/Night Match","Arun Jaitley Stadium, Delhi",No,Canada v. Kenya,Kenya,Canada won by 5 wickets,H Osinde
"8th March, 2011","50 Overs, Day/Night Match","Pallekele International Cricket Stadium, Pallekele, Kandy",No,New Zealand v. Pakistan,New Zealand,New Zealand won by 110 runs,L R P L Taylor
"9th March, 2011","50 Overs, Day/Night Match","Arun Jaitley Stadium, Delhi",No,India v. Netherlands,Netherlands,India won by 5 wickets,Yuvraj Singh
"10th March, 2011","50 Overs, Day/Night Match","Pallekele International Cricket Stadium, Pallekele, Kandy",No,Sri Lanka v. Zimbabwe,Zimbabwe,Sri Lanka won by 139 runs,T M Dilshan
"11th March, 2011","50 Overs, Day Match","Punjab Cricket Association IS Bindra Stadium, Mohali, Chandigarh",No,Ireland v. West Indies,Ireland,West Indies won by 44 runs,K A Pollard
"11th March, 2011","50 Overs, Day/Night Match","Zahur Ahmed Chowdhury Stadium, Chittagong",No,Bangladesh v. England,Bangladesh,Bangladesh won by 2 wickets,Imrul Kayes
"12th March, 2011","50 Overs, Day/Night Match","Vidarbha Cricket Association Stadium, Nagpur",No,India v. South Africa,India,South Africa won by 3 wickets,D W Steyn
"13th March, 2011","50 Overs, Day Match","Wankhede Stadium, Mumbai",No,Canada v. New Zealand,Canada,New Zealand won by 97 runs,B B McCullum
"13th March, 2011","50 Overs, Day/Night Match","M Chinnaswamy Stadium, Bengaluru, Bangalore",No,Australia v. Kenya,Australia,Australia won by 60 runs,C O Obuya
"14th March, 2011","50 Overs, Day Match","Zahur Ahmed Chowdhury Stadium, Chittagong",No,Bangladesh v. Netherlands,Netherlands,Bangladesh won by 6 wickets,Imrul Kayes
"14th March, 2011","50 Overs, Day/Night Match","Pallekele International Cricket Stadium, Pallekele, Kandy",No,Pakistan v. Zimbabwe,Zimbabwe,Pakistan won by 7 wickets,Umar Gul
"15th March, 2011","50 Overs, Day/Night Match","Eden Gardens, Kolkata",No,Ireland v. South Africa,Ireland,South Africa won by 131 runs,J-P Duminy
"16th March, 2011","50 Overs, Day/Night Match","M Chinnaswamy Stadium, Bengaluru, Bangalore",No,Australia v. Canada,Canada,Australia won by 7 wickets,S R Watson
"17th March, 2011","50 Overs, Day/Night Match","MA Chidambaram Stadium, Chennai",No,England v. West Indies,England,England won by 18 runs,J C Tredwell
"18th March, 2011","50 Overs, Day Match","Eden Gardens, Kolkata",No,Ireland v. Netherlands,Ireland,Ireland won by 6 wickets,P R Stirling
"18th March, 2011","50 Overs, Day/Night Match","Wankhede Stadium, Mumbai",No,New Zealand v. Sri Lanka,Sri Lanka,Sri Lanka won by 112 runs,K C Sangakkara
"19th March, 2011","50 Overs, Day Match","Shere Bangla National Stadium, Mirpur, Dhaka",No,Bangladesh v. South Africa,South Africa,South Africa won by 206 runs,L L Tsotsobe
"19th March, 2011","50 Overs, Day/Night Match","R Premadasa Stadium, Colombo",No,Australia v. Pakistan,Australia,Pakistan won by 4 wickets,Umar Akmal
"20th March, 2011","50 Overs, Day Match","Eden Gardens, Kolkata",No,Kenya v. Zimbabwe,Zimbabwe,Zimbabwe won by 161 runs,C R Ervine
"20th March, 2011","50 Overs, Day/Night Match","MA Chidambaram Stadium, Chennai",No,India v. West Indies,India,India won by 80 runs,Yuvraj Singh
"23rd March, 2011","50 Overs, Day/Night Match","Shere Bangla National Stadium, Mirpur, Dhaka",No,Pakistan v. West Indies,West Indies,Pakistan won by 10 wickets,Mohammad Hafeez
"24th March, 2011","50 Overs, Day/Night Match","Sardar Patel Stadium, Ahmedabad",No,India v. Australia,Australia,India won by 5 wickets,Yuvraj Singh
"25th March, 2011","50 Overs, Day/Night Match","Shere Bangla National Stadium, Mirpur, Dhaka",No,New Zealand v. South Africa,New Zealand,New Zealand won by 49 runs,J D P Oram
"26th March, 2011","50 Overs, Day/Night Match","R Premadasa Stadium, Colombo",No,Sri Lanka v. England,England,Sri Lanka won by 10 wickets,T M Dilshan
"29th March, 2011","50 Overs, Day/Night Match","R Premadasa Stadium, Colombo",No,Sri Lanka v. New Zealand,New Zealand,Sri Lanka won by 5 wickets,K C Sangakkara
"30th March, 2011","50 Overs, Day/Night Match","Punjab Cricket Association IS Bindra Stadium, Mohali, Chandigarh",No,India v. Pakistan,India,India won by 29 runs,S R Tendulkar
"2nd April, 2011","50 Overs, Day/Night Match","Wankhede Stadium, Mumbai",Yes,India v. Sri Lanka,Sri Lanka,India won by 6 wickets,M S Dhoni
"14th February, 2015","50 Overs, Day Match","Hagley Oval, Christchurch",No,New Zealand v. Sri Lanka,Sri Lanka,New Zealand won by 98 runs,C J Anderson
"14th February, 2015","50 Overs, Day/Night Match","Melbourne Cricket Ground, Melbourne",No,Australia v. England,England,Australia won by 111 runs,A J Finch
"15th February, 2015","50 Overs, Day/Night Match","Seddon Park, Hamilton",No,South Africa v. Zimbabwe,Zimbabwe,South Africa won by 62 runs,D A Miller
"15th February, 2015","50 Overs, Day/Night Match","Adelaide Oval, Adelaide",No,India v. Pakistan,India,India won by 76 runs,V Kohli
"16th February, 2015","50 Overs, Day Match","Saxton Oval, Nelson",No,Ireland v. West Indies,Ireland,Ireland won by 4 wickets,P R Stirling
"17th February, 2015","50 Overs, Day Match","University Oval, Dunedin",No,New Zealand v. Scotland,New Zealand,New Zealand won by 3 wickets,T A Boult
"18th February, 2015","50 Overs, Day/Night Match","Manuka Oval, Canberra",No,Afghanistan v. Bangladesh,Bangladesh,Bangladesh won by 105 runs,Mushfiqur Rahim
"19th February, 2015","50 Overs, Day Match","Saxton Oval, Nelson",No,United Arab Emirates v. Zimbabwe,Zimbabwe,Zimbabwe won by 4 wickets,S C Williams
"20th February, 2015","50 Overs, Day/Night Match","Westpac Stadium, Wellington",No,New Zealand v. England,England,New Zealand won by 8 wickets,T G Southee
"21st February, 2015","50 Overs, Day Match","Hagley Oval, Christchurch",No,Pakistan v. West Indies,Pakistan,West Indies won by 150 runs,A D Russell
"21st February, 2015","50 Overs, Day/Night Match","Brisbane Cricket Ground, Brisbane",No,Australia v. Bangladesh,No Toss,Match abandoned,No Award
"22nd February, 2015","50 Overs, Day Match","University Oval, Dunedin",No,Afghanistan v. Sri Lanka,Sri Lanka,Sri Lanka won by 4 wickets,D P M D Jayawardene
"22nd February, 2015","50 Overs, Day/Night Match","Melbourne Cricket Ground, Melbourne",No,India v. South Africa,India,India won by 130 runs,S Dhawan
"23rd February, 2015","50 Overs, Day Match","Hagley Oval, Christchurch",No,England v. Scotland,Scotland,England won by 119 runs,M M Ali
"24th February, 2015","50 Overs, Day/Night Match","Manuka Oval, Canberra",No,West Indies v. Zimbabwe,West Indies,West Indies won by 73 runs [Duckworth-Lewis],C H Gayle
"25th February, 2015","50 Overs, Day/Night Match","Brisbane Cricket Ground, Brisbane",No,Ireland v. United Arab Emirates,Ireland,Ireland won by 2 wickets,G C Wilson
"26th February, 2015","50 Overs, Day Match","University Oval, Dunedin",No,Afghanistan v. Scotland,Afghanistan,Afghanistan won by 1 wicket,Samiullah Shinwari
"26th February, 2015","50 Overs, Day/Night Match","Melbourne Cricket Ground, Melbourne",No,Bangladesh v. Sri Lanka,Sri Lanka,Sri Lanka won by 92 runs,T M Dilshan
"27th February, 2015","50 Overs, Day/Night Match","Sydney Cricket Ground, Sydney",No,South Africa v. West Indies,South Africa,South Africa won by 257 runs,A B de Villiers
"28th February, 2015","50 Overs, Day/Night Match","Eden Park, Auckland",No,New Zealand v. Australia,Australia,New Zealand won by 1 wicket,T A Boult
"28th February, 2015","50 Overs, Day/Night Match","WACA Ground, Perth",No,India v. United Arab Emirates,United Arab Emirates,India won by 9 wickets,R Ashwin
"1st March, 2015","50 Overs, Day Match","Westpac Stadium, Wellington",No,England v. Sri Lanka,England,Sri Lanka won by 9 wickets,K C Sangakkara
"1st March, 2015","50 Overs, Day/Night Match","Brisbane Cricket Ground, Brisbane",No,Pakistan v. Zimbabwe,Pakistan,Pakistan won by 20 runs,Wahab Riaz
"3rd March, 2015","50 Overs, Day/Night Match","Manuka Oval, Canberra",No,Ireland v. South Africa,South Africa,South Africa won by 201 runs,H M Amla
"4th March, 2015","50 Overs, Day/Night Match","McLean Park, Napier",No,Pakistan v. United Arab Emirates,United Arab Emirates,Pakistan won by 129 runs,Ahmed Shehzad
"4th March, 2015","50 Overs, Day/Night Match","WACA Ground, Perth",No,Australia v. Afghanistan,Afghanistan,Australia won by 275 runs,D A Warner
"4th March, 2015","50 Overs, Day Match","Saxton Oval, Nelson",No,Bangladesh v. Scotland,Bangladesh,Bangladesh won by 6 wickets,K J Coetzer
"6th March, 2015","50 Overs, Day/Night Match","WACA Ground, Perth",No,India v. West Indies,West Indies,India won by 4 wickets,Mohammed Shami
"7th March, 2015","50 Overs, Day/Night Match","Eden Park, Auckland",No,Pakistan v. South Africa,South Africa,Pakistan won by 29 runs [Duckworth-Lewis],Sarfaraz Ahmed
"7th March, 2015","50 Overs, Day/Night Match","Bellerive Oval, Hobart",No,Ireland v. Zimbabwe,Zimbabwe,Ireland won by 5 runs,E C Joyce
"8th March, 2015","50 Overs, Day Match","McLean Park, Napier",No,New Zealand v. Afghanistan,Afghanistan,New Zealand won by 6 wickets,D L Vettori
"8th March, 2015","50 Overs, Day/Night Match","Sydney Cricket Ground, Sydney",No,Australia v. Sri Lanka,Australia,Australia won by 64 runs,G J Maxwell
"9th March, 2015","50 Overs, Day/Night Match","Adelaide Oval, Adelaide",No,Bangladesh v. England,England,Bangladesh won by 15 runs,Mahmudullah
"10th March, 2015","50 Overs, Day/Night Match","Seddon Park, Hamilton",No,India v. Ireland,Ireland,India won by 8 wickets,S Dhawan
"11th March, 2015","50 Overs, Day/Night Match","Bellerive Oval, Hobart",No,Scotland v. Sri Lanka,Sri Lanka,Sri Lanka won by 148 runs,K C Sangakkara
"11th March, 2015","50 Overs, Day/Night Match","Westpac Stadium, Wellington",No,South Africa v. United Arab Emirates,United Arab Emirates,South Africa won by 146 runs,A B de Villiers
"13th March, 2015","50 Overs, Day/Night Match","Seddon Park, Hamilton",No,New Zealand v. Bangladesh,New Zealand,New Zealand won by 3 wickets,M J Guptill
"13th March, 2015","50 Overs, Day/Night Match","Sydney Cricket Ground, Sydney",No,Afghanistan v. England,England,England won by 9 wickets [Duckworth-Lewis],C J Jordan
"14th March, 2015","50 Overs, Day/Night Match","Eden Park, Auckland",No,India v. Zimbabwe,India,India won by 6 wickets,S K Raina
"14th March, 2015","50 Overs, Day/Night Match","Bellerive Oval, Hobart",No,Australia v. Scotland,Australia,Australia won by 7 wickets,M A Starc
"15th March, 2015","50 Overs, Day Match","McLean Park, Napier",No,United Arab Emirates v. West Indies,West Indies,West Indies won by 6 wickets,J O Holder
"15th March, 2015","50 Overs, Day/Night Match","Adelaide Oval, Adelaide",No,Ireland v. Pakistan,Ireland,Pakistan won by 7 wickets,Sarfaraz Ahmed
"18th March, 2015","50 Overs, Day/Night Match","Sydney Cricket Ground, Sydney",No,South Africa v. Sri Lanka,Sri Lanka,South Africa won by 9 wickets,Imran Tahir
"19th March, 2015","50 Overs, Day/Night Match","Melbourne Cricket Ground, Melbourne",No,Bangladesh v. India,India,India won by 109 runs,R G Sharma
"20th March, 2015","50 Overs, Day/Night Match","Adelaide Oval, Adelaide",No,Australia v. Pakistan,Pakistan,Australia won by 6 wickets,J R Hazlewood
"21st March, 2015","50 Overs, Day/Night Match","Westpac Stadium, Wellington",No,New Zealand v. West Indies,New Zealand,New Zealand won by 143 runs,M J Guptill
"24th March, 2015","50 Overs, Day/Night Match","Eden Park, Auckland",No,New Zealand v. South Africa,South Africa,New Zealand won by 4 wickets [Duckworth-Lewis],G D Elliott
"26th March, 2015","50 Overs, Day/Night Match","Sydney Cricket Ground, Sydney",No,Australia v. India,Australia,Australia won by 95 runs,S P D Smith
"29th March, 2015","50 Overs, Day/Night Match","Melbourne Cricket Ground, Melbourne",Yes,Australia v. New Zealand,New Zealand,Australia won by 7 wickets,J P Faulkner
"30th May, 2019","50 Overs, Day Match","Kennington Oval, London",No,England v. South Africa,South Africa,England won by 104 runs,B A Stokes
"31st May, 2019","50 Overs, Day Match","Trent Bridge, Nottingham",No,Pakistan v. West Indies,West Indies,West Indies won by 7 wickets,O R Thomas
"1st June, 2019","50 Overs, Day Match","Sophia Gardens, Cardiff",No,New Zealand v. Sri Lanka,New Zealand,New Zealand won by 10 wickets,M J Henry
"1st June, 2019","50 Overs, Day/Night Match","County Ground, Bristol",No,Afghanistan v. Australia,Afghanistan,Australia won by 7 wickets,D A Warner
"2nd June, 2019","50 Overs, Day Match","Kennington Oval, London",No,Bangladesh v. South Africa,South Africa,Bangladesh won by 21 runs,Shakib Al Hasan
"3rd June, 2019","50 Overs, Day Match","Trent Bridge, Nottingham",No,England v. Pakistan,England,Pakistan won by 14 runs,Mohammad Hafeez
"4th June, 2019","50 Overs, Day Match","Sophia Gardens, Cardiff",No,Afghanistan v. Sri Lanka,Afghanistan,Sri Lanka won by 34 runs [Duckworth-Lewis],N Pradeep
"5th June, 2019","50 Overs, Day Match","The Rose Bowl, Southampton",No,India v. South Africa,South Africa,India won by 6 wickets,R G Sharma
"5th June, 2019","50 Overs, Day/Night Match","Kennington Oval, London",No,Bangladesh v. New Zealand,New Zealand,New Zealand won by 2 wickets,L R P L Taylor
"6th June, 2019","50 Overs, Day Match","Trent Bridge, Nottingham",No,Australia v. West Indies,West Indies,Australia won by 15 runs,N M Coulter-Nile
"7th June, 2019","50 Overs, Day Match","County Ground, Bristol",No,Pakistan v. Sri Lanka,No Toss,Match abandoned,No Award
"8th June, 2019","50 Overs, Day Match","Sophia Gardens, Cardiff",No,England v. Bangladesh,Bangladesh,England won by 106 runs,J J Roy
"8th June, 2019","50 Overs, Day/Night Match","The Cooper Associates County Ground, Taunton",No,Afghanistan v. New Zealand,New Zealand,New Zealand won by 7 wickets,J D S Neesham
"9th June, 2019","50 Overs, Day Match","Kennington Oval, London",No,Australia v. India,India,India won by 36 runs,S Dhawan
"10th June, 2019","50 Overs, Day Match","The Rose Bowl, Southampton",No,South Africa v. West Indies,West Indies,No result,No Award
"11th June, 2019","50 Overs, Day Match","County Ground, Bristol",No,Bangladesh v. Sri Lanka,No Toss,Match abandoned,No Award
"12th June, 2019","50 Overs, Day Match","The Cooper Associates County Ground, Taunton",No,Australia v. Pakistan,Pakistan,Australia won by 41 runs,D A Warner
"13th June, 2019","50 Overs, Day Match","Trent Bridge, Nottingham",No,India v. New Zealand,No Toss,Match abandoned,No Award
"14th June, 2019","50 Overs, Day Match","The Rose Bowl, Southampton",No,England v. West Indies,England,England won by 8 wickets,J E Root
"15th June, 2019","50 Overs, Day Match","Kennington Oval, London",No,Australia v. Sri Lanka,Sri Lanka,Australia won by 87 runs,A J Finch
"15th June, 2019","50 Overs, Day/Night Match","Sophia Gardens, Cardiff",No,Afghanistan v. South Africa,South Africa,South Africa won by 9 wickets [Duckworth-Lewis],Imran Tahir
"16th June, 2019","50 Overs, Day Match","Old Trafford, Manchester",No,India v. Pakistan,Pakistan,India won by 89 runs [Duckworth-Lewis],R G Sharma
"17th June, 2019","50 Overs, Day Match","The Cooper Associates County Ground, Taunton",No,Bangladesh v. West Indies,Bangladesh,Bangladesh won by 7 wickets,Shakib Al Hasan
"18th June, 2019","50 Overs, Day Match","Old Trafford, Manchester",No,England v. Afghanistan,England,England won by 150 runs,E J G Morgan
"19th June, 2019","50 Overs (Reduced to 49 Overs), Day Match","Edgbaston, Birmingham",No,New Zealand v. South Africa,New Zealand,New Zealand won by 4 wickets,K S Williamson
"20th June, 2019","50 Overs, Day Match","Trent Bridge, Nottingham",No,Australia v. Bangladesh,Australia,Australia won by 48 runs,D A Warner
"21st June, 2019","50 Overs, Day Match","Headingley, Leeds",No,England v. Sri Lanka,Sri Lanka,Sri Lanka won by 20 runs,S L Malinga
"22nd June, 2019","50 Overs, Day Match","The Rose Bowl, Southampton",No,Afghanistan v. India,India,India won by 11 runs,J J Bumrah
"22nd June, 2019","50 Overs, Day/Night Match","Old Trafford, Manchester",No,New Zealand v. West Indies,West Indies,New Zealand won by 5 runs,K S Williamson
"23rd June, 2019","50 Overs, Day Match","Lord's, London",No,Pakistan v. South Africa,Pakistan,Pakistan won by 49 runs,Haris Sohail
"24th June, 2019","50 Overs, Day Match","The Rose Bowl, Southampton",No,Afghanistan v. Bangladesh,Bangladesh,Bangladesh won by 62 runs,Shakib Al Hasan
"25th June, 2019","50 Overs, Day Match","Lord's, London",No,England v. Australia,England,Australia won by 64 runs,A J Finch
"26th June, 2019","50 Overs, Day Match","Edgbaston, Birmingham",No,New Zealand v. Pakistan,New Zealand,Pakistan won by 6 wickets,Babar Azam
"27th June, 2019","50 Overs, Day Match","Old Trafford, Manchester",No,India v. West Indies,India,India won by 125 runs,V Kohli
"28th June, 2019","50 Overs, Day Match","Riverside Ground, Chester-Le-Street",No,South Africa v. Sri Lanka,South Africa,South Africa won by 9 wickets,D Pretorius
"29th June, 2019","50 Overs, Day Match","Headingley, Leeds",No,Afghanistan v. Pakistan,Afghanistan,Pakistan won by 3 wickets,Imad Wasim
"29th June, 2019","50 Overs, Day/Night Match","Lord's, London",No,Australia v. New Zealand,Australia,Australia won by 86 runs,A T Carey
"30th June, 2019","50 Overs, Day Match","Edgbaston, Birmingham",No,England v. India,England,England won by 31 runs,J M Bairstow
"1st July, 2019","50 Overs, Day Match","Riverside Ground, Chester-Le-Street",No,Sri Lanka v. West Indies,West Indies,Sri Lanka won by 23 runs,W I A Fernando
"2nd July, 2019","50 Overs, Day Match","Edgbaston, Birmingham",No,Bangladesh v. India,India,India won by 28 runs,R G Sharma
"3rd July, 2019","50 Overs, Day Match","Riverside Ground, Chester-Le-Street",No,England v. New Zealand,England,England won by 119 runs,J M Bairstow
"4th July, 2019","50 Overs, Day Match","Headingley, Leeds",No,Afghanistan v. West Indies,West Indies,West Indies won by 23 runs,S D Hope
"5th July, 2019","50 Overs, Day Match","Lord's, London",No,Bangladesh v. Pakistan,Pakistan,Pakistan won by 94 runs,Shaheen Shah Afridi
"6th July, 2019","50 Overs, Day Match","Headingley, Leeds",No,India v. Sri Lanka,Sri Lanka,India won by 7 wickets,R G Sharma
"6th July, 2019","50 Overs, Day/Night Match","Old Trafford, Manchester",No,Australia v. South Africa,South Africa,South Africa won by 10 runs,F du Plessis
"9th July, 2019","50 Overs, Day Match","Old Trafford, Manchester",No,India v. New Zealand,New Zealand,New Zealand won by 18 runs,M J Henry
"11th July, 2019","50 Overs, Day Match","Edgbaston, Birmingham",No,England v. Australia,Australia,England won by 8 wickets,C R Woakes
"14th July, 2019","50 Overs, Day Match","Lord's, London",Yes,England v. New Zealand,New Zealand,England won on boundary count after scores and super over were tied,B A Stokes
